波长,反射率
300,7.47
302,6.95
304,8.45
306,6.72
308,8.11
310,7.6
312,6.67
314,8.02
316,6.61
318,7.8
320,6.71
322,6.77
324,7.78
326,8.98
328,6.87
330,7.17
332,8.38
334,9.35
336,8.23
338,7.69
340,9.43
342,6.64
344,9.08
346,7.37
348,6.94
350,6.86
352,7.43
354,8.96
356,7.05
358,8.26
360,8.43
362,7.63
364,8.16
366,6.7
368,6.7
370,7.14
372,8.56
374,7.81
376,7.47
378,8.29
380,7.9
382,7.44
384,8.93
386,8.65
388,7.29
390,8.29
392,8.14
394,9.2
396,8.77
398,7.46
400,9.55
402,6.97
404,7.89
406,8.92
408,7.12
410,8.16
412,6.83
414,8.74
416,9.06
418,8.51
420,9.45
422,7.81
424,8.99
426,8.74
428,8.75
430,8.44
432,9.66
434,10.04
436,8.71
438,9.38
440,7.67
442,9.71
444,9.67
446,10.85
448,10.49
450,9.06
452,9.56
454,10.62
456,8.93
458,10.51
460,9.93
462,10.11
464,10.3
466,12.84
468,11.37
470,12.22
472,13.2
474,15.24
476,13.53
478,15.36
480,16.46
482,18.33
484,19.09
486,20.26
488,19.62
490,21.25
492,22.39
494,25.38
496,27.1
498,26.29
500,28.08
502,30.06
504,31.96
506,34.71
508,37.1
510,38.28
512,39.72
514,43.24
516,45.4
518,48.34
520,51.86
522,53.43
524,55.25
526,57.87
528,60.32
530,60.67
532,65.36
534,67.08
536,69.36
538,71.03
540,71.63
542,73.35
544,74.08
546,77.18
548,76.87
550,78.19
552,79.83
554,80.8
556,82.36
558,82.44
560,83.13
562,84.36
564,84.9
566,86.3
568,85.82
570,88.82
572,88.41
574,87.31
576,87.82
578,88.21
580,88.27
582,87.45
584,89.42
586,89.53
588,87.5
590,86.98
592,85.09
594,84.33
596,84.14
598,82.9
600,83.51
602,80.38
604,78.83
606,80.49
608,78.15
610,76.03
612,76.37
614,74.13
616,75.13
618,76.18
620,75.76
622,75.41
624,74.48
626,75.37
628,75.54
630,78.29
632,78.63
634,80.53
636,80.4
638,81.33
640,84.34
642,86.06
644,86.81
646,87.74
648,88.75
650,89.39
652,88.63
654,90.17
656,90.26
658,89.76
660,90.16
662,91.24
664,91.44
666,92.94
668,93.9
670,92.49
672,94.05
674,94.28
676,94.23
678,92.5
680,92.09
682,92.13
684,92.06
686,92.09
688,93.35
690,94.19
692,94.01
694,92.93
696,93.45
698,93.89
700,91.75
702,93.48
704,94.23
706,93.84
708,93.75
710,92.93
712,92.03
714,93.87
716,92.5
718,93.9
720,94.41
722,92.69
724,92.7
726,94.34
728,93.67
730,92.01
732,91.88
734,91.95
736,94.21
738,93.92
740,91.94
742,93.98
744,94.44
746,93.47
748,92.55
750,93.15
752,91.89
754,91.54
756,94.41
758,93.45
760,93.08
762,94.3
764,92.8
766,94.12
768,93.98
770,92.13
772,92.26
774,92.38
776,92.22
778,93.26
780,92.28
782,92.76
784,91.89
786,94.23
788,92.56
790,92.87
792,93.25
794,94.21
796,92.76
798,94.25
800,93.0
